time,sigmal , sigmap ,sigmai, rse
94.915476,0.00001,0.00001,0.00001,0.997712
95.901629,0.00001,0.00001,0.0001,0.997712
97.533224,0.00001,0.00001,0.001,0.997712
96.967157,0.00001,0.00001,0.01,0.997712
95.395877,0.00001,0.00001,0.1,0.997712
96.708943,0.00001,0.00001,0.5,0.997712
98.195914,0.00001,0.00001,10,0.997712
95.008052,0.00001,0.00001,100,0.997706
97.967918,0.00001,0.00001,1000,0.968523
95.491075,0.00001,0.00001,10000,0.965975
97.708995,0.00001,0.00001,100000,0.963071
95.983518,0.00001,0.0001,0.00001,0.997712
96.372881,0.00001,0.0001,0.0001,0.997712
94.763002,0.00001,0.0001,0.001,0.997712
95.848461,0.00001,0.0001,0.01,0.997712
96.8576,0.00001,0.0001,0.1,0.997712
96.528122,0.00001,0.0001,0.5,0.997712
97.410815,0.00001,0.0001,10,0.997712
96.843987,0.00001,0.0001,100,0.997709
98.170863,0.00001,0.0001,1000,0.969614
97.456663,0.00001,0.0001,10000,0.964547
97.707623,0.00001,0.0001,100000,0.966338
97.266834,0.00001,0.001,0.00001,0.997712
99.156538,0.00001,0.001,0.0001,0.997712
96.683752,0.00001,0.001,0.001,0.997712
95.860082,0.00001,0.001,0.01,0.997712
95.703587,0.00001,0.001,0.1,0.997712
97.627183,0.00001,0.001,0.5,0.997712
96.526436,0.00001,0.001,10,0.997712
95.199007,0.00001,0.001,100,0.997707
99.219515,0.00001,0.001,1000,0.970143
97.257153,0.00001,0.001,10000,0.966574
96.79297,0.00001,0.001,100000,0.964299
95.051051,0.00001,0.01,0.00001,0.997712
95.046307,0.00001,0.01,0.0001,0.997712
96.48688,0.00001,0.01,0.001,0.997712
98.537839,0.00001,0.01,0.01,0.997712
94.662168,0.00001,0.01,0.1,0.997712
97.172212,0.00001,0.01,0.5,0.997712
95.305811,0.00001,0.01,10,0.997712
96.809207,0.00001,0.01,100,0.997711
95.666458,0.00001,0.01,1000,0.97165
97.455133,0.00001,0.01,10000,0.96206
95.094484,0.00001,0.01,100000,0.96816
95.972428,0.00001,0.1,0.00001,0.997712
97.988352,0.00001,0.1,0.0001,0.997712
95.77895,0.00001,0.1,0.001,0.997712
94.61637,0.00001,0.1,0.01,0.997712
96.01631,0.00001,0.1,0.1,0.997712
96.280422,0.00001,0.1,0.5,0.997712
95.227873,0.00001,0.1,10,0.997712
98.526002,0.00001,0.1,100,0.997706
95.031341,0.00001,0.1,1000,0.969841
96.436047,0.00001,0.1,10000,0.965675
95.70029,0.00001,0.1,100000,0.962285
95.561441,0.00001,0.5,0.00001,0.997712
97.059703,0.00001,0.5,0.0001,0.997712
96.325831,0.00001,0.5,0.001,0.997712
97.028605,0.00001,0.5,0.01,0.997712
97.275693,0.00001,0.5,0.1,0.997712
96.079735,0.00001,0.5,0.5,0.997712
95.361174,0.00001,0.5,10,0.997712
97.054063,0.00001,0.5,100,0.997711
95.756545,0.00001,0.5,1000,0.967804
95.578084,0.00001,0.5,10000,0.96124
94.599518,0.00001,0.5,100000,0.968639
96.674177,0.00001,10,0.00001,0.997712
96.042766,0.00001,10,0.0001,0.997712
97.16847,0.00001,10,0.001,0.997712
96.384235,0.00001,10,0.01,0.997712
96.199633,0.00001,10,0.1,0.997712
99.20353,0.00001,10,0.5,0.997712
97.067407,0.00001,10,10,0.997712
96.797986,0.00001,10,100,0.997702
104.242747,0.00001,10,1000,0.881506
98.037901,0.00001,10,10000,0.848456
98.930513,0.00001,10,100000,0.853779
94.256183,0.00001,100,0.00001,0.997712
95.890147,0.00001,100,0.0001,0.997712
98.634876,0.00001,100,0.001,0.997712
95.182281,0.00001,100,0.01,0.997712
94.852095,0.00001,100,0.1,0.997712
96.825753,0.00001,100,0.5,0.997712
96.482357,0.00001,100,10,0.997712
98.011798,0.00001,100,100,0.99766
112.846895,0.00001,100,1000,0.751755
100.955579,0.00001,100,10000,0.676866
97.554784,0.00001,100,100000,0.706594
92.760474,0.00001,1000,0.00001,0.997712
96.845148,0.00001,1000,0.0001,0.997712
94.707537,0.00001,1000,0.001,0.997712
96.211372,0.00001,1000,0.01,0.997712
96.041298,0.00001,1000,0.1,0.997712
96.556727,0.00001,1000,0.5,0.997712
95.425804,0.00001,1000,10,0.997712
96.525088,0.00001,1000,100,0.997701
122.698762,0.00001,1000,1000,0.676388
97.091986,0.00001,1000,10000,0.722828
95.061388,0.00001,1000,100000,0.669048
98.186852,0.00001,10000,0.00001,0.997712
96.213923,0.00001,10000,0.0001,0.997712
95.558458,0.00001,10000,0.001,0.997712
97.293236,0.00001,10000,0.01,0.997712
99.727975,0.00001,10000,0.1,0.997712
98.478345,0.00001,10000,0.5,0.997712
95.246809,0.00001,10000,10,0.997712
96.208962,0.00001,10000,100,0.997693
120.036276,0.00001,10000,1000,0.75822
98.430469,0.00001,10000,10000,0.675899
96.92621,0.00001,10000,100000,0.643671
99.017037,0.00001,100000,0.00001,0.997712
96.549015,0.00001,100000,0.0001,0.997712
96.366296,0.00001,100000,0.001,0.997712
95.968029,0.00001,100000,0.01,0.997712
99.717435,0.00001,100000,0.1,0.997712
96.576271,0.00001,100000,0.5,0.997712
94.722056,0.00001,100000,10,0.997712
94.964742,0.00001,100000,100,0.997689
110.198453,0.00001,100000,1000,0.73281
97.142884,0.00001,100000,10000,0.647822
99.337668,0.00001,100000,100000,0.696092
98.52512,0.0001,0.00001,0.00001,0.997712
96.661467,0.0001,0.00001,0.0001,0.997712
96.229061,0.0001,0.00001,0.001,0.997712
96.05825,0.0001,0.00001,0.01,0.997712
96.172129,0.0001,0.00001,0.1,0.997712
97.577356,0.0001,0.00001,0.5,0.997712
96.223252,0.0001,0.00001,10,0.997712
96.723637,0.0001,0.00001,100,0.997708
100.157531,0.0001,0.00001,1000,0.968853
95.521862,0.0001,0.00001,10000,0.96991
95.420606,0.0001,0.00001,100000,0.963718
96.478887,0.0001,0.0001,0.00001,0.997712
95.616381,0.0001,0.0001,0.0001,0.997712
94.612627,0.0001,0.0001,0.001,0.997712
96.609244,0.0001,0.0001,0.01,0.997712
96.697574,0.0001,0.0001,0.1,0.997712
95.926316,0.0001,0.0001,0.5,0.997712
95.714494,0.0001,0.0001,10,0.997712
97.604748,0.0001,0.0001,100,0.997706
96.100735,0.0001,0.0001,1000,0.971525
96.178197,0.0001,0.0001,10000,0.96367
94.616518,0.0001,0.0001,100000,0.965529
98.942862,0.0001,0.001,0.00001,0.997712
95.373257,0.0001,0.001,0.0001,0.997712
93.69439,0.0001,0.001,0.001,0.997712
98.305641,0.0001,0.001,0.01,0.997712
96.454747,0.0001,0.001,0.1,0.997712
95.525244,0.0001,0.001,0.5,0.997712
95.21666,0.0001,0.001,10,0.997712
95.39196,0.0001,0.001,100,0.99771
97.866899,0.0001,0.001,1000,0.970001
94.733905,0.0001,0.001,10000,0.964793
96.83184,0.0001,0.001,100000,0.962536
95.563984,0.0001,0.01,0.00001,0.997712
96.402669,0.0001,0.01,0.0001,0.997712
97.74008,0.0001,0.01,0.001,0.997712
96.127532,0.0001,0.01,0.01,0.997712
96.184931,0.0001,0.01,0.1,0.997712
97.587278,0.0001,0.01,0.5,0.997712
96.09077,0.0001,0.01,10,0.997712
95.392218,0.0001,0.01,100,0.997711
95.228317,0.0001,0.01,1000,0.972544
97.282334,0.0001,0.01,10000,0.965276
96.536742,0.0001,0.01,100000,0.966232
97.731246,0.0001,0.1,0.00001,0.997712
97.292044,0.0001,0.1,0.0001,0.997712
98.803177,0.0001,0.1,0.001,0.997712
98.433359,0.0001,0.1,0.01,0.997712
97.691599,0.0001,0.1,0.1,0.997712
96.591422,0.0001,0.1,0.5,0.997712
97.183656,0.0001,0.1,10,0.997712
98.342915,0.0001,0.1,100,0.997705
96.691148,0.0001,0.1,1000,0.972237
99.614878,0.0001,0.1,10000,0.963832
96.544576,0.0001,0.1,100000,0.964232
99.758647,0.0001,0.5,0.00001,0.997712
97.090908,0.0001,0.5,0.0001,0.997712
98.075547,0.0001,0.5,0.001,0.997712
97.6894,0.0001,0.5,0.01,0.997712
100.017592,0.0001,0.5,0.1,0.997712
96.720206,0.0001,0.5,0.5,0.997712
98.724273,0.0001,0.5,10,0.997712
99.762317,0.0001,0.5,100,0.99771
96.455715,0.0001,0.5,1000,0.970823
94.850306,0.0001,0.5,10000,0.969203
98.432902,0.0001,0.5,100000,0.967874
98.414131,0.0001,10,0.00001,0.997712
100.334075,0.0001,10,0.0001,0.997712
99.916321,0.0001,10,0.001,0.997712
96.341547,0.0001,10,0.01,0.997712
96.971122,0.0001,10,0.1,0.997712
100.730214,0.0001,10,0.5,0.997712
98.089752,0.0001,10,10,0.997712
98.388537,0.0001,10,100,0.99771
102.637787,0.0001,10,1000,0.882162
96.798114,0.0001,10,10000,0.870763
100.227192,0.0001,10,100000,0.831494
96.648629,0.0001,100,0.00001,0.997712
96.067021,0.0001,100,0.0001,0.997712
100.529452,0.0001,100,0.001,0.997712
98.70883,0.0001,100,0.01,0.997712
99.112416,0.0001,100,0.1,0.997712
101.145725,0.0001,100,0.5,0.997712
99.138789,0.0001,100,10,0.997712
98.337134,0.0001,100,100,0.997704
127.030681,0.0001,100,1000,0.799294
107.274472,0.0001,100,10000,0.682764
101.505877,0.0001,100,100000,0.743698
99.101451,0.0001,1000,0.00001,0.997712
98.595668,0.0001,1000,0.0001,0.997712
96.853132,0.0001,1000,0.001,0.997712
96.205276,0.0001,1000,0.01,0.997712
99.093968,0.0001,1000,0.1,0.997712
97.92704,0.0001,1000,0.5,0.997712
97.662922,0.0001,1000,10,0.997712
96.108969,0.0001,1000,100,0.997703
116.85626,0.0001,1000,1000,0.777464
96.836443,0.0001,1000,10000,0.721444
100.051059,0.0001,1000,100000,0.690505
100.475472,0.0001,10000,0.00001,0.997712
97.752739,0.0001,10000,0.0001,0.997712
98.41114,0.0001,10000,0.001,0.997712
99.462094,0.0001,10000,0.01,0.997712
97.503978,0.0001,10000,0.1,0.997712
96.876824,0.0001,10000,0.5,0.997712
97.638251,0.0001,10000,10,0.997712
101.893144,0.0001,10000,100,0.997692
121.402167,0.0001,10000,1000,0.794647
97.28861,0.0001,10000,10000,0.722926
99.454052,0.0001,10000,100000,0.64767
95.994715,0.0001,100000,0.00001,0.997712
97.356254,0.0001,100000,0.0001,0.997712
97.295088,0.0001,100000,0.001,0.997712
97.837908,0.0001,100000,0.01,0.997712
98.030129,0.0001,100000,0.1,0.997712
101.665312,0.0001,100000,0.5,0.997712
98.109491,0.0001,100000,10,0.997712
98.36602,0.0001,100000,100,0.997705
121.812432,0.0001,100000,1000,0.713127
97.887711,0.0001,100000,10000,0.642141
99.66582,0.0001,100000,100000,0.670843
95.680182,0.001,0.00001,0.00001,0.997712
96.308088,0.001,0.00001,0.0001,0.997712
96.936868,0.001,0.00001,0.001,0.997712
95.716919,0.001,0.00001,0.01,0.997712
96.503502,0.001,0.00001,0.1,0.997712
99.054746,0.001,0.00001,0.5,0.997712
97.163426,0.001,0.00001,10,0.997712
96.891057,0.001,0.00001,100,0.99771
96.562186,0.001,0.00001,1000,0.972253
96.332786,0.001,0.00001,10000,0.966272
98.343267,0.001,0.00001,100000,0.969887
96.261037,0.001,0.0001,0.00001,0.997712
98.547244,0.001,0.0001,0.0001,0.997712
100.017751,0.001,0.0001,0.001,0.997712
95.95458,0.001,0.0001,0.01,0.997712
96.598406,0.001,0.0001,0.1,0.997712
96.34943,0.001,0.0001,0.5,0.997712
99.003934,0.001,0.0001,10,0.997712
96.014963,0.001,0.0001,100,0.997709
99.565984,0.001,0.0001,1000,0.974166
94.552007,0.001,0.0001,10000,0.967803
98.194464,0.001,0.0001,100000,0.963071
97.047095,0.001,0.001,0.00001,0.997712
95.998547,0.001,0.001,0.0001,0.997712
101.652975,0.001,0.001,0.001,0.997712
98.658511,0.001,0.001,0.01,0.997712
99.350564,0.001,0.001,0.1,0.997712
87.57937,0.001,0.001,0.5,0.997712
87.649002,0.001,0.001,10,0.997712
87.747363,0.001,0.001,100,0.99771
87.623285,0.001,0.001,1000,0.975246
87.614857,0.001,0.001,10000,0.965201
87.632502,0.001,0.001,100000,0.966786
87.625428,0.001,0.01,0.00001,0.997712
87.609319,0.001,0.01,0.0001,0.997712
87.575697,0.001,0.01,0.001,0.997712
87.661859,0.001,0.01,0.01,0.997712
87.625901,0.001,0.01,0.1,0.997712
87.645926,0.001,0.01,0.5,0.997712
87.753633,0.001,0.01,10,0.997712
87.686897,0.001,0.01,100,0.997703
87.636851,0.001,0.01,1000,0.971625
87.730584,0.001,0.01,10000,0.964248
88.075504,0.001,0.01,100000,0.965839
87.777915,0.001,0.1,0.00001,0.997712
87.674625,0.001,0.1,0.0001,0.997712
87.816923,0.001,0.1,0.001,0.997712
87.588402,0.001,0.1,0.01,0.997712
87.789215,0.001,0.1,0.1,0.997712
87.577665,0.001,0.1,0.5,0.997712
87.613146,0.001,0.1,10,0.997712
87.976404,0.001,0.1,100,0.997707
87.891481,0.001,0.1,1000,0.970128
88.017307,0.001,0.1,10000,0.962908
87.861226,0.001,0.1,100000,0.96515
87.676939,0.001,0.5,0.00001,0.997712
87.556498,0.001,0.5,0.0001,0.997712
87.563087,0.001,0.5,0.001,0.997712
87.593565,0.001,0.5,0.01,0.997712
87.562469,0.001,0.5,0.1,0.997712
87.571045,0.001,0.5,0.5,0.997712
87.724342,0.001,0.5,10,0.997712
91.877458,0.001,0.5,100,0.997706
92.201746,0.001,0.5,1000,0.969904
87.614548,0.001,0.5,10000,0.967485
76.508826,0.001,0.5,100000,0.966882
66.402668,0.001,10,0.00001,0.997712
67.720892,0.001,10,0.0001,0.997712
66.832428,0.001,10,0.001,0.997712
67.528255,0.001,10,0.01,0.997712
66.413948,0.001,10,0.1,0.997712
66.811924,0.001,10,0.5,0.997712
66.603246,0.001,10,10,0.997712
66.510232,0.001,10,100,0.997707
73.968671,0.001,10,1000,0.890926
67.510852,0.001,10,10000,0.871314
67.011479,0.001,10,100000,0.876744
67.632328,0.001,100,0.00001,0.997712
68.55243,0.001,100,0.0001,0.997712
69.134451,0.001,100,0.001,0.997712
68.232298,0.001,100,0.01,0.997712
67.779721,0.001,100,0.1,0.997712
69.141159,0.001,100,0.5,0.997712
69.041596,0.001,100,10,0.997712
68.081375,0.001,100,100,0.997709
87.321355,0.001,100,1000,0.749356
83.567398,0.001,100,10000,0.683864
76.10765,0.001,100,100000,0.759175
69.34407,0.001,1000,0.00001,0.997712
68.915075,0.001,1000,0.0001,0.997712
69.440159,0.001,1000,0.001,0.997712
69.131624,0.001,1000,0.01,0.997712
67.333024,0.001,1000,0.1,0.997712
68.17229,0.001,1000,0.5,0.997712
68.215394,0.001,1000,10,0.997712
68.512499,0.001,1000,100,0.997692
81.563632,0.001,1000,1000,0.784409
71.89069,0.001,1000,10000,0.69717
69.260857,0.001,1000,100000,0.77732
69.506053,0.001,10000,0.00001,0.997712
68.319316,0.001,10000,0.0001,0.997712
69.272572,0.001,10000,0.001,0.997712
67.623155,0.001,10000,0.01,0.997712
68.248133,0.001,10000,0.1,0.997712
69.131118,0.001,10000,0.5,0.997712
68.395547,0.001,10000,10,0.997712
68.767637,0.001,10000,100,0.997683
89.395878,0.001,10000,1000,0.748259
68.845295,0.001,10000,10000,0.721836
68.526571,0.001,10000,100000,0.699434
68.611418,0.001,100000,0.00001,0.997712
69.876153,0.001,100000,0.0001,0.997712
68.985543,0.001,100000,0.001,0.997712
68.47502,0.001,100000,0.01,0.997712
70.140551,0.001,100000,0.1,0.997712
67.768884,0.001,100000,0.5,0.997712
67.322194,0.001,100000,10,0.997712
68.770077,0.001,100000,100,0.997679
85.649582,0.001,100000,1000,0.752097
67.980508,0.001,100000,10000,0.642207
68.261514,0.001,100000,100000,0.66531
67.968002,0.01,0.00001,0.00001,0.997712
67.506611,0.01,0.00001,0.0001,0.997712
70.457599,0.01,0.00001,0.001,0.997712
68.535425,0.01,0.00001,0.01,0.997712
69.96833,0.01,0.00001,0.1,0.997712
69.001502,0.01,0.00001,0.5,0.997712
66.888479,0.01,0.00001,10,0.997712
68.37845,0.01,0.00001,100,0.997695
67.966029,0.01,0.00001,1000,0.971135
67.84961,0.01,0.00001,10000,0.967309
69.38474,0.01,0.00001,100000,0.964506
68.926444,0.01,0.0001,0.00001,0.997712
68.271214,0.01,0.0001,0.0001,0.997712
69.329541,0.01,0.0001,0.001,0.997712
69.754195,0.01,0.0001,0.01,0.997712
68.066469,0.01,0.0001,0.1,0.997712
67.816631,0.01,0.0001,0.5,0.997712
68.945607,0.01,0.0001,10,0.997712
69.935807,0.01,0.0001,100,0.9977
87.963708,0.01,0.0001,1000,0.970495
91.437356,0.01,0.0001,10000,0.968246
88.006983,0.01,0.0001,100000,0.962994
88.237233,0.01,0.001,0.00001,0.997712
87.818438,0.01,0.001,0.0001,0.997712
87.896439,0.01,0.001,0.001,0.997712
88.044612,0.01,0.001,0.01,0.997712
87.991839,0.01,0.001,0.1,0.997712
87.137721,0.01,0.001,0.5,0.997712
87.990931,0.01,0.001,10,0.997712
87.867196,0.01,0.001,100,0.99771
87.939728,0.01,0.001,1000,0.97022
87.853665,0.01,0.001,10000,0.964199
88.011775,0.01,0.001,100000,0.964064
89.521338,0.01,0.01,0.00001,0.997712
88.144957,0.01,0.01,0.0001,0.997712
87.954065,0.01,0.01,0.001,0.997712
88.06603,0.01,0.01,0.01,0.997712
87.796352,0.01,0.01,0.1,0.997712
87.958265,0.01,0.01,0.5,0.997712
99.552998,0.01,0.01,10,0.997712
97.477655,0.01,0.01,100,0.997706
100.698303,0.01,0.01,1000,0.974057
99.655131,0.01,0.01,10000,0.964158
98.939041,0.01,0.01,100000,0.967147
97.324707,0.01,0.1,0.00001,0.997712
99.003399,0.01,0.1,0.0001,0.997712
96.729349,0.01,0.1,0.001,0.997712
98.86861,0.01,0.1,0.01,0.997712
96.662353,0.01,0.1,0.1,0.997712
95.433576,0.01,0.1,0.5,0.997712
95.944893,0.01,0.1,10,0.997712
88.756079,0.01,0.1,100,0.997708
95.834193,0.01,0.1,1000,0.974745
97.157395,0.01,0.1,10000,0.968214
100.69457,0.01,0.1,100000,0.965351
98.405182,0.01,0.5,0.00001,0.997712
96.228194,0.01,0.5,0.0001,0.997712
96.83083,0.01,0.5,0.001,0.997712
96.835932,0.01,0.5,0.01,0.997712
94.308117,0.01,0.5,0.1,0.997712
96.335671,0.01,0.5,0.5,0.997712
98.287579,0.01,0.5,10,0.997712
95.496543,0.01,0.5,100,0.997704
97.99406,0.01,0.5,1000,0.971555
96.578074,0.01,0.5,10000,0.970256
96.03,0.01,0.5,100000,0.963834
99.422949,0.01,10,0.00001,0.997712
96.899679,0.01,10,0.0001,0.997712
97.412362,0.01,10,0.001,0.997712
97.455114,0.01,10,0.01,0.997712
97.438455,0.01,10,0.1,0.997712
97.250261,0.01,10,0.5,0.997712
98.365864,0.01,10,10,0.997712
97.212585,0.01,10,100,0.997698
100.868677,0.01,10,1000,0.877689
98.818028,0.01,10,10000,0.860677
99.416197,0.01,10,100000,0.886462
98.727985,0.01,100,0.00001,0.997712
97.523805,0.01,100,0.0001,0.997712
96.689746,0.01,100,0.001,0.997712
99.30741,0.01,100,0.01,0.997712
97.147942,0.01,100,0.1,0.997712
95.248803,0.01,100,0.5,0.997712
97.16782,0.01,100,10,0.997712
97.655429,0.01,100,100,0.997708
120.741266,0.01,100,1000,0.733615
110.841893,0.01,100,10000,0.711935
104.434446,0.01,100,100000,0.709096
98.299233,0.01,1000,0.00001,0.997712
96.035235,0.01,1000,0.0001,0.997712
97.525763,0.01,1000,0.001,0.997712
98.863797,0.01,1000,0.01,0.997712
98.504445,0.01,1000,0.1,0.997712
95.715809,0.01,1000,0.5,0.997712
96.413453,0.01,1000,10,0.997712
96.088985,0.01,1000,100,0.997706
111.007068,0.01,1000,1000,0.708778
98.305351,0.01,1000,10000,0.675317
96.525125,0.01,1000,100000,0.674912
98.168394,0.01,10000,0.00001,0.997712
98.490011,0.01,10000,0.0001,0.997712
97.209088,0.01,10000,0.001,0.997712
95.920653,0.01,10000,0.01,0.997712
97.202973,0.01,10000,0.1,0.997712
96.098026,0.01,10000,0.5,0.997712
98.781482,0.01,10000,10,0.997712
96.329895,0.01,10000,100,0.997704
120.277298,0.01,10000,1000,0.699601
104.164173,0.01,10000,10000,0.749838
95.455548,0.01,10000,100000,0.777526
98.37167,0.01,100000,0.00001,0.997712
97.133621,0.01,100000,0.0001,0.997712
97.877488,0.01,100000,0.001,0.997712
96.900347,0.01,100000,0.01,0.997712
96.229153,0.01,100000,0.1,0.997712
96.96686,0.01,100000,0.5,0.997712
95.658586,0.01,100000,10,0.997712
97.55463,0.01,100000,100,0.997705
118.941839,0.01,100000,1000,0.733984
97.527631,0.01,100000,10000,0.680767
98.330873,0.01,100000,100000,0.723012
96.511205,0.1,0.00001,0.00001,0.997712
97.534842,0.1,0.00001,0.0001,0.997712
98.4958,0.1,0.00001,0.001,0.997712
99.778047,0.1,0.00001,0.01,0.997712
95.970243,0.1,0.00001,0.1,0.997712
94.096861,0.1,0.00001,0.5,0.997712
98.35462,0.1,0.00001,10,0.997712
98.154362,0.1,0.00001,100,0.997699
100.77919,0.1,0.00001,1000,0.973843
99.149395,0.1,0.00001,10000,0.968175
99.268281,0.1,0.00001,100000,0.964211
98.026962,0.1,0.0001,0.00001,0.997712
98.797368,0.1,0.0001,0.0001,0.997712
94.822228,0.1,0.0001,0.001,0.997712
96.647755,0.1,0.0001,0.01,0.997712
96.257666,0.1,0.0001,0.1,0.997712
98.508135,0.1,0.0001,0.5,0.997712
97.569085,0.1,0.0001,10,0.997712
97.36536,0.1,0.0001,100,0.99771
98.499995,0.1,0.0001,1000,0.973059
99.364303,0.1,0.0001,10000,0.965138
97.485564,0.1,0.0001,100000,0.966786
97.617264,0.1,0.001,0.00001,0.997712
96.469272,0.1,0.001,0.0001,0.997712
97.957252,0.1,0.001,0.001,0.997712
98.02653,0.1,0.001,0.01,0.997712
97.679961,0.1,0.001,0.1,0.997712
97.24957,0.1,0.001,0.5,0.997712
96.993771,0.1,0.001,10,0.997712
102.137733,0.1,0.001,100,0.997709
97.634875,0.1,0.001,1000,0.971244
100.411284,0.1,0.001,10000,0.965357
99.09248,0.1,0.001,100000,0.969234
98.249843,0.1,0.01,0.00001,0.997712
99.119111,0.1,0.01,0.0001,0.997712
98.811816,0.1,0.01,0.001,0.997712
97.594269,0.1,0.01,0.01,0.997712
96.253631,0.1,0.01,0.1,0.997712
95.403507,0.1,0.01,0.5,0.997712
96.434757,0.1,0.01,10,0.997712
98.569077,0.1,0.01,100,0.997708
101.582375,0.1,0.01,1000,0.968914
97.97826,0.1,0.01,10000,0.966121
99.921721,0.1,0.01,100000,0.968102
97.900572,0.1,0.1,0.00001,0.997712
99.494919,0.1,0.1,0.0001,0.997712
97.188378,0.1,0.1,0.001,0.997712
99.851778,0.1,0.1,0.01,0.997712
96.443995,0.1,0.1,0.1,0.997712
98.479004,0.1,0.1,0.5,0.997712
97.507188,0.1,0.1,10,0.997712
103.204636,0.1,0.1,100,0.997704
103.172673,0.1,0.1,1000,0.971118
102.970615,0.1,0.1,10000,0.968818
102.311196,0.1,0.1,100000,0.966467
95.804915,0.1,0.5,0.00001,0.997712
96.93869,0.1,0.5,0.0001,0.997712
99.304717,0.1,0.5,0.001,0.997712
96.643175,0.1,0.5,0.01,0.997712
100.085177,0.1,0.5,0.1,0.997712
97.512837,0.1,0.5,0.5,0.997712
95.20995,0.1,0.5,10,0.997712
106.916774,0.1,0.5,100,0.997701
104.696821,0.1,0.5,1000,0.972315
106.793765,0.1,0.5,10000,0.966966
106.216979,0.1,0.5,100000,0.964375
95.496731,0.1,10,0.00001,0.997712
96.240975,0.1,10,0.0001,0.997712
98.162905,0.1,10,0.001,0.997712
99.629874,0.1,10,0.01,0.997712
98.91025,0.1,10,0.1,0.997712
99.131464,0.1,10,0.5,0.997712
98.986413,0.1,10,10,0.997712
152.794957,0.1,10,100,0.997698
165.194903,0.1,10,1000,0.9059
157.195527,0.1,10,10000,0.866952
159.14742,0.1,10,100000,0.866733
98.403366,0.1,100,0.00001,0.997712
94.922479,0.1,100,0.0001,0.997712
98.016684,0.1,100,0.001,0.997712
97.386539,0.1,100,0.01,0.997712
98.642338,0.1,100,0.1,0.997712
96.935633,0.1,100,0.5,0.997712
96.871185,0.1,100,10,0.997712
158.107723,0.1,100,100,0.997698
183.105102,0.1,100,1000,0.755399
163.475028,0.1,100,10000,0.736519
159.326161,0.1,100,100000,0.625719
95.987157,0.1,1000,0.00001,0.997712
98.831303,0.1,1000,0.0001,0.997712
98.810494,0.1,1000,0.001,0.997712
95.898276,0.1,1000,0.01,0.997712
97.667465,0.1,1000,0.1,0.997712
97.737575,0.1,1000,0.5,0.997712
99.288295,0.1,1000,10,0.997712
156.971595,0.1,1000,100,0.997704
178.829753,0.1,1000,1000,0.725901
161.498508,0.1,1000,10000,0.66568
157.740048,0.1,1000,100000,0.755095
96.280475,0.1,10000,0.00001,0.997712
97.210466,0.1,10000,0.0001,0.997712
98.224628,0.1,10000,0.001,0.997712
96.565589,0.1,10000,0.01,0.997712
98.036903,0.1,10000,0.1,0.997712
98.32327,0.1,10000,0.5,0.997712
99.708793,0.1,10000,10,0.997712
157.080391,0.1,10000,100,0.99771
183.280937,0.1,10000,1000,0.693134
159.634774,0.1,10000,10000,0.748201
157.831638,0.1,10000,100000,0.730497
96.581212,0.1,100000,0.00001,0.997712
96.046661,0.1,100000,0.0001,0.997712
97.587318,0.1,100000,0.001,0.997712
97.53163,0.1,100000,0.01,0.997712
100.137493,0.1,100000,0.1,0.997712
96.709484,0.1,100000,0.5,0.997712
97.946216,0.1,100000,10,0.997712
153.912339,0.1,100000,100,0.997706
168.087717,0.1,100000,1000,0.643438
157.925111,0.1,100000,10000,0.612569
155.984839,0.1,100000,100000,0.697157
96.521256,0.5,0.00001,0.00001,0.997712
97.81649,0.5,0.00001,0.0001,0.997712
98.61501,0.5,0.00001,0.001,0.997712
99.769663,0.5,0.00001,0.01,0.997712
97.631017,0.5,0.00001,0.1,0.997712
96.741622,0.5,0.00001,0.5,0.997712
97.634746,0.5,0.00001,10,0.997712
96.300926,0.5,0.00001,100,0.997468
118.913114,0.5,0.00001,1000,0.948487
111.230206,0.5,0.00001,10000,0.925388
110.678031,0.5,0.00001,100000,0.924919
99.76727,0.5,0.0001,0.00001,0.997712
100.160024,0.5,0.0001,0.0001,0.997712
99.387937,0.5,0.0001,0.001,0.997712
98.198641,0.5,0.0001,0.01,0.997712
97.801767,0.5,0.0001,0.1,0.997712
98.506182,0.5,0.0001,0.5,0.997712
98.036292,0.5,0.0001,10,0.997712
97.131323,0.5,0.0001,100,0.997566
113.482743,0.5,0.0001,1000,0.942055
116.390078,0.5,0.0001,10000,0.925893
99.905784,0.5,0.0001,100000,0.927028
98.196856,0.5,0.001,0.00001,0.997712
97.753862,0.5,0.001,0.0001,0.997712
96.865762,0.5,0.001,0.001,0.997712
99.296663,0.5,0.001,0.01,0.997712
96.760597,0.5,0.001,0.1,0.997712
99.564273,0.5,0.001,0.5,0.997712
96.337986,0.5,0.001,10,0.997712
97.014509,0.5,0.001,100,0.997636
120.560505,0.5,0.001,1000,0.946038
104.108953,0.5,0.001,10000,0.926245
110.767664,0.5,0.001,100000,0.922861
98.197585,0.5,0.01,0.00001,0.997712
96.21913,0.5,0.01,0.0001,0.997712
96.736812,0.5,0.01,0.001,0.997712
96.330218,0.5,0.01,0.01,0.997712
98.840522,0.5,0.01,0.1,0.997712
97.148442,0.5,0.01,0.5,0.997712
97.360553,0.5,0.01,10,0.997712
96.500259,0.5,0.01,100,0.997596
109.733146,0.5,0.01,1000,0.942935
101.850891,0.5,0.01,10000,0.927403
104.494168,0.5,0.01,100000,0.934249
96.114378,0.5,0.1,0.00001,0.997712
97.572798,0.5,0.1,0.0001,0.997712
96.286555,0.5,0.1,0.001,0.997712
98.018918,0.5,0.1,0.01,0.997712
98.324978,0.5,0.1,0.1,0.997712
95.644881,0.5,0.1,0.5,0.997712
97.895992,0.5,0.1,10,0.997712
112.04475,0.5,0.1,100,0.997455
137.760464,0.5,0.1,1000,0.942932
118.346874,0.5,0.1,10000,0.928457
117.104412,0.5,0.1,100000,0.925388
97.391558,0.5,0.5,0.00001,0.997712
97.401285,0.5,0.5,0.0001,0.997712
99.150177,0.5,0.5,0.001,0.997712
97.266961,0.5,0.5,0.01,0.997712
96.611928,0.5,0.5,0.1,0.997712
97.421823,0.5,0.5,0.5,0.997712
97.157021,0.5,0.5,10,0.997712
114.647081,0.5,0.5,100,0.997514
125.917171,0.5,0.5,1000,0.938852
107.02926,0.5,0.5,10000,0.930902
108.688981,0.5,0.5,100000,0.920735
95.903087,0.5,10,0.00001,0.997712
97.953468,0.5,10,0.0001,0.997712
97.403984,0.5,10,0.001,0.997712
97.202066,0.5,10,0.01,0.997712
99.011105,0.5,10,0.1,0.997712
95.306089,0.5,10,0.5,0.997712
95.623605,0.5,10,10,0.997712
213.513419,0.5,10,100,0.997531
127.540093,0.5,10,1000,0.786864
105.787711,0.5,10,10000,0.744347
107.535223,0.5,10,100000,0.731376
96.682774,0.5,100,0.00001,0.997712
96.64284,0.5,100,0.0001,0.997712
98.872385,0.5,100,0.001,0.997712
97.91676,0.5,100,0.01,0.997712
95.645435,0.5,100,0.1,0.997712
98.380749,0.5,100,0.5,0.997712
96.574132,0.5,100,10,0.997712
182.4539,0.5,100,100,0.997624
121.291268,0.5,100,1000,0.63891
102.785282,0.5,100,10000,0.569722
109.925536,0.5,100,100000,0.551116
98.570235,0.5,1000,0.00001,0.997712
96.781546,0.5,1000,0.0001,0.997712
100.132489,0.5,1000,0.001,0.997712
101.595109,0.5,1000,0.01,0.997712
96.712078,0.5,1000,0.1,0.997712
97.480595,0.5,1000,0.5,0.997712
97.644472,0.5,1000,10,0.997712
181.77097,0.5,1000,100,0.997536
112.237622,0.5,1000,1000,0.599183
103.601433,0.5,1000,10000,0.5445
101.629164,0.5,1000,100000,0.533194
96.879532,0.5,10000,0.00001,0.997712
97.319212,0.5,10000,0.0001,0.997712
97.869419,0.5,10000,0.001,0.997712
97.307513,0.5,10000,0.01,0.997712
96.166316,0.5,10000,0.1,0.997712
96.362389,0.5,10000,0.5,0.997712
99.255298,0.5,10000,10,0.997712
181.141901,0.5,10000,100,0.997532
125.490041,0.5,10000,1000,0.613501
104.827241,0.5,10000,10000,0.539515
100.550199,0.5,10000,100000,0.540688
96.416823,0.5,100000,0.00001,0.997712
99.061155,0.5,100000,0.0001,0.997712
97.160218,0.5,100000,0.001,0.997712
97.190931,0.5,100000,0.01,0.997712
98.672452,0.5,100000,0.1,0.997712
97.907432,0.5,100000,0.5,0.997712
95.946385,0.5,100000,10,0.997712
186.14392,0.5,100000,100,0.997497
126.696936,0.5,100000,1000,0.59692
103.299503,0.5,100000,10000,0.520633
104.810438,0.5,100000,100000,0.513053
99.701421,10,0.00001,0.00001,0.997712
97.072792,10,0.00001,0.0001,0.997712
96.352307,10,0.00001,0.001,0.997712
99.267592,10,0.00001,0.01,0.997712
99.189901,10,0.00001,0.1,0.997712
100.493263,10,0.00001,0.5,0.997712
103.615214,10,0.00001,10,0.997712
96.463902,10,0.00001,100,0.996706
120.977664,10,0.00001,1000,0.638485
121.320783,10,0.00001,10000,0.521723
120.973915,10,0.00001,100000,0.58225
96.431257,10,0.0001,0.00001,0.997712
98.696666,10,0.0001,0.0001,0.997712
98.350905,10,0.0001,0.001,0.997712
97.278062,10,0.0001,0.01,0.997712
97.864107,10,0.0001,0.1,0.997712
95.661405,10,0.0001,0.5,0.997712
98.031937,10,0.0001,10,0.997712
97.230764,10,0.0001,100,0.995727
113.911728,10,0.0001,1000,0.641863
108.808612,10,0.0001,10000,0.522305
116.383165,10,0.0001,100000,0.523194
96.93816,10,0.001,0.00001,0.997712
97.361446,10,0.001,0.0001,0.997712
97.211015,10,0.001,0.001,0.997712
98.487162,10,0.001,0.01,0.997712
97.402616,10,0.001,0.1,0.997712
97.59071,10,0.001,0.5,0.997712
98.604004,10,0.001,10,0.997712
97.717248,10,0.001,100,0.996471
120.288187,10,0.001,1000,0.677159
110.336285,10,0.001,10000,0.522053
120.855047,10,0.001,100000,0.448741
98.538759,10,0.01,0.00001,0.997712
98.651444,10,0.01,0.0001,0.997712
98.834699,10,0.01,0.001,0.997712
97.708798,10,0.01,0.01,0.997712
98.037862,10,0.01,0.1,0.997712
95.682353,10,0.01,0.5,0.997712
98.834822,10,0.01,10,0.997712
100.787714,10,0.01,100,0.995333
122.028484,10,0.01,1000,0.634279
124.819256,10,0.01,10000,0.449132
113.64672,10,0.01,100000,0.584993
98.907392,10,0.1,0.00001,0.997712
96.21656,10,0.1,0.0001,0.997712
101.144829,10,0.1,0.001,0.997712
96.61813,10,0.1,0.01,0.997712
99.293337,10,0.1,0.1,0.997712
98.288904,10,0.1,0.5,0.997712
97.509586,10,0.1,10,0.997712
119.158161,10,0.1,100,0.996646
140.413412,10,0.1,1000,0.644588
131.488057,10,0.1,10000,0.586621
139.224341,10,0.1,100000,0.448397
97.935332,10,0.5,0.00001,0.997712
97.739029,10,0.5,0.0001,0.997712
97.877283,10,0.5,0.001,0.997712
97.249276,10,0.5,0.01,0.997712
98.305204,10,0.5,0.1,0.997712
97.634961,10,0.5,0.5,0.997712
100.511329,10,0.5,10,0.997712
100.949342,10,0.5,100,0.996195
119.54756,10,0.5,1000,0.649349
121.589263,10,0.5,10000,0.637636
120.739881,10,0.5,100000,0.448779
95.997044,10,10,0.00001,0.997712
97.717911,10,10,0.0001,0.997712
98.684049,10,10,0.001,0.997712
98.112314,10,10,0.01,0.997712
96.850237,10,10,0.1,0.997712
97.505831,10,10,0.5,0.997712
98.355831,10,10,10,0.997712
111.642347,10,10,100,0.996168
120.525723,10,10,1000,0.51435
122.207888,10,10,10000,0.411449
123.58261,10,10,100000,0.4043
98.19981,10,100,0.00001,0.997712
96.452627,10,100,0.0001,0.997712
100.19015,10,100,0.001,0.997712
96.990685,10,100,0.01,0.997712
97.496652,10,100,0.1,0.997712
98.012904,10,100,0.5,0.997712
96.976303,10,100,10,0.997712
119.437988,10,100,100,0.994874
124.134751,10,100,1000,0.487652
123.652328,10,100,10000,0.393636
125.154314,10,100,100000,0.389061
98.491197,10,1000,0.00001,0.997712
100.845652,10,1000,0.0001,0.997712
96.689847,10,1000,0.001,0.997712
96.651619,10,1000,0.01,0.997712
98.514849,10,1000,0.1,0.997712
100.037067,10,1000,0.5,0.997712
97.796155,10,1000,10,0.997712
114.100209,10,1000,100,0.995622
122.117589,10,1000,1000,0.459112
118.572823,10,1000,10000,0.350174
110.813845,10,1000,100000,0.357795
98.453269,10,10000,0.00001,0.997712
96.376697,10,10000,0.0001,0.997712
96.452627,10,10000,0.001,0.997712
98.237398,10,10000,0.01,0.997712
96.575449,10,10000,0.1,0.997712
96.55203,10,10000,0.5,0.997712
96.906837,10,10000,10,0.997712
120.341323,10,10000,100,0.995686
122.33539,10,10000,1000,0.476929
109.95969,10,10000,10000,0.349614
111.367434,10,10000,100000,0.355942
97.094993,10,100000,0.00001,0.997712
98.098603,10,100000,0.0001,0.997712
96.045909,10,100000,0.001,0.997712
95.922243,10,100000,0.01,0.997712
98.423892,10,100000,0.1,0.997712
97.57163,10,100000,0.5,0.997712
100.041728,10,100000,10,0.997712
111.479047,10,100000,100,0.995931
121.437823,10,100000,1000,0.468182
115.505992,10,100000,10000,0.349587
122.259606,10,100000,100000,0.35075
95.264117,100,0.00001,0.00001,0.997712
96.788856,100,0.00001,0.0001,0.997712
98.688389,100,0.00001,0.001,0.997712
95.754766,100,0.00001,0.01,0.997712
98.459348,100,0.00001,0.1,0.997712
96.859614,100,0.00001,0.5,0.997712
97.232797,100,0.00001,10,0.997712
94.620954,100,0.00001,100,0.996045
120.951728,100,0.00001,1000,0.593401
97.424816,100,0.00001,10000,0.425819
99.503618,100,0.00001,100000,0.505248
97.418728,100,0.0001,0.00001,0.997712
96.85344,100,0.0001,0.0001,0.997712
96.371359,100,0.0001,0.001,0.997712
99.860162,100,0.0001,0.01,0.997712
98.752508,100,0.0001,0.1,0.997712
96.598162,100,0.0001,0.5,0.997712
96.857622,100,0.0001,10,0.997712
98.231557,100,0.0001,100,0.996067
121.474941,100,0.0001,1000,0.66799
96.687828,100,0.0001,10000,0.425724
96.958189,100,0.0001,100000,0.427027
98.885821,100,0.001,0.00001,0.997712
98.851192,100,0.001,0.0001,0.997712
95.401525,100,0.001,0.001,0.997712
101.419958,100,0.001,0.01,0.997712
95.95148,100,0.001,0.1,0.997712
96.063458,100,0.001,0.5,0.997712
98.122944,100,0.001,10,0.997712
96.806773,100,0.001,100,0.995757
119.5218,100,0.001,1000,0.591232
99.314792,100,0.001,10000,0.504771
100.007709,100,0.001,100000,0.498315
98.602323,100,0.01,0.00001,0.997712
99.015553,100,0.01,0.0001,0.997712
98.647845,100,0.01,0.001,0.997712
97.480076,100,0.01,0.01,0.997712
96.671396,100,0.01,0.1,0.997712
97.417096,100,0.01,0.5,0.997712
97.020797,100,0.01,10,0.997712
97.429043,100,0.01,100,0.996059
115.657639,100,0.01,1000,0.616599
97.735632,100,0.01,10000,0.568639
106.143849,100,0.01,100000,0.506308
97.236491,100,0.1,0.00001,0.997712
96.862497,100,0.1,0.0001,0.997712
98.352153,100,0.1,0.001,0.997712
95.52391,100,0.1,0.01,0.997712
95.92821,100,0.1,0.1,0.997712
98.055343,100,0.1,0.5,0.997712
99.447646,100,0.1,10,0.997712
121.797792,100,0.1,100,0.995616
137.842269,100,0.1,1000,0.627709
122.305032,100,0.1,10000,0.565957
121.745149,100,0.1,100000,0.631662
96.819194,100,0.5,0.00001,0.997712
98.992728,100,0.5,0.0001,0.997712
96.358076,100,0.5,0.001,0.997712
96.320125,100,0.5,0.01,0.997712
97.282809,100,0.5,0.1,0.997712
97.581059,100,0.5,0.5,0.997712
99.005871,100,0.5,10,0.997712
102.997464,100,0.5,100,0.995917
121.609796,100,0.5,1000,0.632448
95.179137,100,0.5,10000,0.505063
100.621778,100,0.5,100000,0.426553
96.872307,100,10,0.00001,0.997712
96.434145,100,10,0.0001,0.997712
97.40782,100,10,0.001,0.997712
95.565155,100,10,0.01,0.997712
97.760781,100,10,0.1,0.997712
97.478871,100,10,0.5,0.997712
96.535307,100,10,10,0.997712
111.375781,100,10,100,0.996098
120.406289,100,10,1000,0.502355
102.268406,100,10,10000,0.393767
103.860683,100,10,100000,0.400811
96.465705,100,100,0.00001,0.997712
96.645955,100,100,0.0001,0.997712
96.915276,100,100,0.001,0.997712
96.402573,100,100,0.01,0.997712
97.808016,100,100,0.1,0.997712
96.952762,100,100,0.5,0.997712
97.600226,100,100,10,0.997712
106.931608,100,100,100,0.995639
119.933215,100,100,1000,0.470292
99.755056,100,100,10000,0.375046
108.875796,100,100,100000,0.34984
97.956538,100,1000,0.00001,0.997712
96.626034,100,1000,0.0001,0.997712
98.602966,100,1000,0.001,0.997712
99.193145,100,1000,0.01,0.997712
97.887313,100,1000,0.1,0.997712
97.738431,100,1000,0.5,0.997712
97.321204,100,1000,10,0.997712
101.665698,100,1000,100,0.996103
120.748026,100,1000,1000,0.442085
117.677793,100,1000,10000,0.29876
121.182441,100,1000,100000,0.338974
97.391259,100,10000,0.00001,0.997712
96.735869,100,10000,0.0001,0.997712
97.553956,100,10000,0.001,0.997712
95.751769,100,10000,0.01,0.997712
96.708786,100,10000,0.1,0.997712
97.560772,100,10000,0.5,0.997712
96.64827,100,10000,10,0.997712
107.057088,100,10000,100,0.995974
120.360982,100,10000,1000,0.438265
119.669784,100,10000,10000,0.348745
117.627985,100,10000,100000,0.35017
97.118076,100,100000,0.00001,0.997712
98.441727,100,100000,0.0001,0.997712
97.288505,100,100000,0.001,0.997712
95.715146,100,100000,0.01,0.997712
97.65194,100,100000,0.1,0.997712
98.456164,100,100000,0.5,0.997712
96.52884,100,100000,10,0.997712
107.913813,100,100000,100,0.995253
119.755909,100,100000,1000,0.441083
120.970386,100,100000,10000,0.341226
109.858863,100,100000,100000,0.338984
96.13011,1000,0.00001,0.00001,0.997712
97.056176,1000,0.00001,0.0001,0.997712
97.387977,1000,0.00001,0.001,0.997712
96.250149,1000,0.00001,0.01,0.997712
96.812419,1000,0.00001,0.1,0.997712
98.125209,1000,0.00001,0.5,0.997712
99.154453,1000,0.00001,10,0.997712
99.201755,1000,0.00001,100,0.9963
121.720262,1000,0.00001,1000,0.587132
102.105415,1000,0.00001,10000,0.57317
104.759149,1000,0.00001,100000,0.571206
96.758599,1000,0.0001,0.00001,0.997712
96.513624,1000,0.0001,0.0001,0.997712
96.70144,1000,0.0001,0.001,0.997712
98.081388,1000,0.0001,0.01,0.997712
96.951675,1000,0.0001,0.1,0.997712
96.711724,1000,0.0001,0.5,0.997712
99.134233,1000,0.0001,10,0.997712
122.280032,1000,0.0001,100,0.994567
122.11556,1000,0.0001,1000,0.632154
95.870859,1000,0.0001,10000,0.56714
103.494737,1000,0.0001,100000,0.425528
97.392988,1000,0.001,0.00001,0.997712
95.890307,1000,0.001,0.0001,0.997712
98.598853,1000,0.001,0.001,0.997712
97.599436,1000,0.001,0.01,0.997712
95.495873,1000,0.001,0.1,0.997712
95.239841,1000,0.001,0.5,0.997712
97.876555,1000,0.001,10,0.997712
102.210693,1000,0.001,100,0.994274
112.891419,1000,0.001,1000,0.615308
99.581052,1000,0.001,10000,0.506087
101.439803,1000,0.001,100000,0.504108
98.48638,1000,0.01,0.00001,0.997712
98.306652,1000,0.01,0.0001,0.997712
98.765348,1000,0.01,0.001,0.997712
96.12979,1000,0.01,0.01,0.997712
96.274003,1000,0.01,0.1,0.997712
96.418096,1000,0.01,0.5,0.997712
99.33631,1000,0.01,10,0.997712
96.496078,1000,0.01,100,0.99545
111.866782,1000,0.01,1000,0.633598
97.164825,1000,0.01,10000,0.425208
99.011335,1000,0.01,100000,0.572444
96.512936,1000,0.1,0.00001,0.997712
97.797469,1000,0.1,0.0001,0.997712
97.866278,1000,0.1,0.001,0.997712
96.130698,1000,0.1,0.01,0.997712
97.964123,1000,0.1,0.1,0.997712
98.1598,1000,0.1,0.5,0.997712
97.448649,1000,0.1,10,0.997712
113.904636,1000,0.1,100,0.995524
135.91211,1000,0.1,1000,0.6223
115.148584,1000,0.1,10000,0.504542
120.604162,1000,0.1,100000,0.503856
96.470362,1000,0.5,0.00001,0.997712
96.665247,1000,0.5,0.0001,0.997712
95.921094,1000,0.5,0.001,0.997712
97.574758,1000,0.5,0.01,0.997712
97.787549,1000,0.5,0.1,0.997712
97.978126,1000,0.5,0.5,0.997712
96.762828,1000,0.5,10,0.997712
99.949321,1000,0.5,100,0.996337
118.527228,1000,0.5,1000,0.741311
96.865099,1000,0.5,10000,0.505999
96.550989,1000,0.5,100000,0.505444
96.705738,1000,10,0.00001,0.997712
96.457692,1000,10,0.0001,0.997712
94.888899,1000,10,0.001,0.997712
97.440524,1000,10,0.01,0.997712
96.714739,1000,10,0.1,0.997712
97.23568,1000,10,0.5,0.997712
96.621776,1000,10,10,0.997712
119.631988,1000,10,100,0.993432
120.278942,1000,10,1000,0.49913
102.482372,1000,10,10000,0.382636
116.950983,1000,10,100000,0.385913
96.195085,1000,100,0.00001,0.997712
97.901906,1000,100,0.0001,0.997712
95.804902,1000,100,0.001,0.997712
94.573309,1000,100,0.01,0.997712
98.195109,1000,100,0.1,0.997712
96.879153,1000,100,0.5,0.997712
98.606297,1000,100,10,0.997712
103.620757,1000,100,100,0.995896
119.474704,1000,100,1000,0.469145
113.691517,1000,100,10000,0.364694
107.306391,1000,100,100000,0.379637
97.990755,1000,1000,0.00001,0.997712
96.797732,1000,1000,0.0001,0.997712
96.093785,1000,1000,0.001,0.997712
97.861233,1000,1000,0.01,0.997712
94.604463,1000,1000,0.1,0.997712
98.035069,1000,1000,0.5,0.997712
97.909967,1000,1000,10,0.997712
103.429302,1000,1000,100,0.996045
120.695886,1000,1000,1000,0.443201
120.563446,1000,1000,10000,0.350085
103.572712,1000,1000,100000,0.349958
95.604883,1000,10000,0.00001,0.997712
97.473208,1000,10000,0.0001,0.997712
97.372301,1000,10000,0.001,0.997712
96.383901,1000,10000,0.01,0.997712
96.783917,1000,10000,0.1,0.997712
94.839101,1000,10000,0.5,0.997712
96.905305,1000,10000,10,0.997712
102.413387,1000,10000,100,0.99641
122.684685,1000,10000,1000,0.444233
120.554748,1000,10000,10000,0.359549
121.862994,1000,10000,100000,0.329038
95.68945,1000,100000,0.00001,0.997712
96.401626,1000,100000,0.0001,0.997712
93.199961,1000,100000,0.001,0.997712
97.128749,1000,100000,0.01,0.997712
95.909739,1000,100000,0.1,0.997712
97.497211,1000,100000,0.5,0.997712
95.767176,1000,100000,10,0.997712
106.852636,1000,100000,100,0.994865
118.37112,1000,100000,1000,0.435369
118.988224,1000,100000,10000,0.320578
121.341781,1000,100000,100000,0.339107
98.44688,10000,0.00001,0.00001,0.997712
98.171848,10000,0.00001,0.0001,0.997712
97.94726,10000,0.00001,0.001,0.997712
97.145293,10000,0.00001,0.01,0.997712
96.722766,10000,0.00001,0.1,0.997712
96.923077,10000,0.00001,0.5,0.997712
97.882031,10000,0.00001,10,0.997712
99.231379,10000,0.00001,100,0.995688
112.170232,10000,0.00001,1000,0.589513
97.75764,10000,0.00001,10000,0.426825
96.877632,10000,0.00001,100000,0.42539
97.930103,10000,0.0001,0.00001,0.997712
96.187912,10000,0.0001,0.0001,0.997712
96.509689,10000,0.0001,0.001,0.997712
97.25213,10000,0.0001,0.01,0.997712
97.452179,10000,0.0001,0.1,0.997712
95.767597,10000,0.0001,0.5,0.997712
95.865586,10000,0.0001,10,0.997712
102.817725,10000,0.0001,100,0.994072
121.607076,10000,0.0001,1000,0.591973
95.898317,10000,0.0001,10000,0.428464
101.959494,10000,0.0001,100000,0.498456
97.383613,10000,0.001,0.00001,0.997712
97.597095,10000,0.001,0.0001,0.997712
98.980383,10000,0.001,0.001,0.997712
94.562981,10000,0.001,0.01,0.997712
96.707948,10000,0.001,0.1,0.997712
95.32971,10000,0.001,0.5,0.997712
95.525983,10000,0.001,10,0.997712
95.814948,10000,0.001,100,0.996151
112.699954,10000,0.001,1000,0.593282
96.723072,10000,0.001,10000,0.42629
96.112754,10000,0.001,100000,0.424087
95.4211,10000,0.01,0.00001,0.997712
97.657327,10000,0.01,0.0001,0.997712
94.612122,10000,0.01,0.001,0.997712
96.730979,10000,0.01,0.01,0.997712
95.502694,10000,0.01,0.1,0.997712
95.96418,10000,0.01,0.5,0.997712
96.848111,10000,0.01,10,0.997712
96.492943,10000,0.01,100,0.996348
121.994049,10000,0.01,1000,0.597823
95.815428,10000,0.01,10000,0.427119
97.088647,10000,0.01,100000,0.502295
95.46962,10000,0.1,0.00001,0.997712
95.491704,10000,0.1,0.0001,0.997712
97.149351,10000,0.1,0.001,0.997712
95.366827,10000,0.1,0.01,0.997712
101.402412,10000,0.1,0.1,0.997712
97.794757,10000,0.1,0.5,0.997712
96.221132,10000,0.1,10,0.997712
124.232964,10000,0.1,100,0.994596
137.609905,10000,0.1,1000,0.587382
112.193422,10000,0.1,10000,0.425104
116.334707,10000,0.1,100000,0.569894
97.830368,10000,0.5,0.00001,0.997712
98.91465,10000,0.5,0.0001,0.997712
97.343966,10000,0.5,0.001,0.997712
98.006588,10000,0.5,0.01,0.997712
96.963703,10000,0.5,0.1,0.997712
96.332589,10000,0.5,0.5,0.997712
95.123701,10000,0.5,10,0.997712
105.032471,10000,0.5,100,0.994599
121.961094,10000,0.5,1000,0.590855
95.806859,10000,0.5,10000,0.506634
95.021779,10000,0.5,100000,0.499351
99.971601,10000,10,0.00001,0.997712
96.082707,10000,10,0.0001,0.997712
96.098997,10000,10,0.001,0.997712
96.414552,10000,10,0.01,0.997712
96.114015,10000,10,0.1,0.997712
98.462739,10000,10,0.5,0.997712
95.745788,10000,10,10,0.997712
109.558315,10000,10,100,0.99585
120.442418,10000,10,1000,0.500177
99.197724,10000,10,10000,0.382968
106.101399,10000,10,100000,0.391773
98.711223,10000,100,0.00001,0.997712
97.106808,10000,100,0.0001,0.997712
96.849107,10000,100,0.001,0.997712
94.170155,10000,100,0.01,0.997712
96.917306,10000,100,0.1,0.997712
95.727188,10000,100,0.5,0.997712
96.557437,10000,100,10,0.997712
103.408075,10000,100,100,0.994954
122.176394,10000,100,1000,0.476188
102.648571,10000,100,10000,0.361704
102.529204,10000,100,100000,0.36358
95.761226,10000,1000,0.00001,0.997712
96.242273,10000,1000,0.0001,0.997712
94.922342,10000,1000,0.001,0.997712
97.694008,10000,1000,0.01,0.997712
97.982115,10000,1000,0.1,0.997712
97.763474,10000,1000,0.5,0.997712
96.539734,10000,1000,10,0.997712
106.431252,10000,1000,100,0.995574
121.298405,10000,1000,1000,0.440114
122.206496,10000,1000,10000,0.348935
106.484185,10000,1000,100000,0.348551
96.514895,10000,10000,0.00001,0.997712
97.441792,10000,10000,0.0001,0.997712
96.238775,10000,10000,0.001,0.997712
96.073783,10000,10000,0.01,0.997712
97.680097,10000,10000,0.1,0.997712
97.394544,10000,10000,0.5,0.997712
97.375781,10000,10000,10,0.997712
106.20698,10000,10000,100,0.995799
120.479515,10000,10000,1000,0.441673
119.730561,10000,10000,10000,0.348867
120.270708,10000,10000,100000,0.340145
95.969442,10000,100000,0.00001,0.997712
96.942619,10000,100000,0.0001,0.997712
96.614221,10000,100000,0.001,0.997712
94.099616,10000,100000,0.01,0.997712
96.279311,10000,100000,0.1,0.997712
99.717292,10000,100000,0.5,0.997712
98.389326,10000,100000,10,0.997712
102.473656,10000,100000,100,0.995997
121.797981,10000,100000,1000,0.453634
118.760876,10000,100000,10000,0.358721
122.499693,10000,100000,100000,0.330391
97.449475,100000,0.00001,0.00001,0.997712
95.518948,100000,0.00001,0.0001,0.997712
96.966891,100000,0.00001,0.001,0.997712
95.522841,100000,0.00001,0.01,0.997712
97.975528,100000,0.00001,0.1,0.997712
96.662536,100000,0.00001,0.5,0.997712
95.168247,100000,0.00001,10,0.997712
99.732867,100000,0.00001,100,0.99627
122.266332,100000,0.00001,1000,0.620602
96.313348,100000,0.00001,10000,0.503023
94.045401,100000,0.00001,100000,0.42587
96.145673,100000,0.0001,0.00001,0.997712
96.546917,100000,0.0001,0.0001,0.997712
97.996583,100000,0.0001,0.001,0.997712
95.806428,100000,0.0001,0.01,0.997712
98.53995,100000,0.0001,0.1,0.997712
95.845034,100000,0.0001,0.5,0.997712
97.48147,100000,0.0001,10,0.997712
97.259312,100000,0.0001,100,0.996487
112.213736,100000,0.0001,1000,0.685416
103.680313,100000,0.0001,10000,0.426705
96.260905,100000,0.0001,100000,0.503739
95.224137,100000,0.001,0.00001,0.997712
93.460144,100000,0.001,0.0001,0.997712
95.056507,100000,0.001,0.001,0.997712
97.774315,100000,0.001,0.01,0.997712
96.844864,100000,0.001,0.1,0.997712
97.045077,100000,0.001,0.5,0.997712
98.008457,100000,0.001,10,0.997712
95.994658,100000,0.001,100,0.994975
120.113273,100000,0.001,1000,0.591167
97.432246,100000,0.001,10000,0.426722
95.599218,100000,0.001,100000,0.572795
96.73717,100000,0.01,0.00001,0.997712
96.829705,100000,0.01,0.0001,0.997712
96.863191,100000,0.01,0.001,0.997712
96.337487,100000,0.01,0.01,0.997712
95.869051,100000,0.01,0.1,0.997712
97.244208,100000,0.01,0.5,0.997712
95.033659,100000,0.01,10,0.997712
99.42435,100000,0.01,100,0.996003
121.279674,100000,0.01,1000,0.589601
96.471401,100000,0.01,10000,0.504072
96.960699,100000,0.01,100000,0.426566
97.011388,100000,0.1,0.00001,0.997712
95.533283,100000,0.1,0.0001,0.997712
98.284977,100000,0.1,0.001,0.997712
96.118914,100000,0.1,0.01,0.997712
96.025886,100000,0.1,0.1,0.997712
96.542313,100000,0.1,0.5,0.997712
94.582867,100000,0.1,10,0.997712
115.757741,100000,0.1,100,0.996546
137.431796,100000,0.1,1000,0.63227
116.019874,100000,0.1,10000,0.427477
109.064748,100000,0.1,100000,0.505239
97.621907,100000,0.5,0.00001,0.997712
99.341104,100000,0.5,0.0001,0.997712
96.823763,100000,0.5,0.001,0.997712
93.483615,100000,0.5,0.01,0.997712
97.474727,100000,0.5,0.1,0.997712
96.222345,100000,0.5,0.5,0.997712
97.010437,100000,0.5,10,0.997712
99.589601,100000,0.5,100,0.99571
119.086707,100000,0.5,1000,0.628723
96.69857,100000,0.5,10000,0.5747
98.936281,100000,0.5,100000,0.425147
95.781407,100000,10,0.00001,0.997712
96.829837,100000,10,0.0001,0.997712
96.289039,100000,10,0.001,0.997712
95.626546,100000,10,0.01,0.997712
97.097155,100000,10,0.1,0.997712
95.392966,100000,10,0.5,0.997712
95.281839,100000,10,10,0.997712
109.912799,100000,10,100,0.995773
120.365835,100000,10,1000,0.496986
114.452774,100000,10,10000,0.395285
96.409806,100000,10,100000,0.378294
96.610053,100000,100,0.00001,0.997712
97.027764,100000,100,0.0001,0.997712
98.03428,100000,100,0.001,0.997712
97.491193,100000,100,0.01,0.997712
96.627256,100000,100,0.1,0.997712
98.350677,100000,100,0.5,0.997712
95.355411,100000,100,10,0.997712
120.115915,100000,100,100,0.995343
121.950117,100000,100,1000,0.469215
109.540967,100000,100,10000,0.335725
95.366234,100000,100,100000,0.377231
96.293984,100000,1000,0.00001,0.997712
93.801324,100000,1000,0.0001,0.997712
98.674349,100000,1000,0.001,0.997712
96.468529,100000,1000,0.01,0.997712
95.971595,100000,1000,0.1,0.997712
96.305445,100000,1000,0.5,0.997712
96.053872,100000,1000,10,0.997712
104.011073,100000,1000,100,0.996018
120.466641,100000,1000,1000,0.437377
121.620555,100000,1000,10000,0.360076
103.418413,100000,1000,100000,0.3582
96.608036,100000,10000,0.00001,0.997712
96.657461,100000,10000,0.0001,0.997712
98.43559,100000,10000,0.001,0.997712
96.275644,100000,10000,0.01,0.997712
96.503107,100000,10000,0.1,0.997712
97.798275,100000,10000,0.5,0.997712
95.464604,100000,10000,10,0.997712
105.006341,100000,10000,100,0.996223
120.843968,100000,10000,1000,0.443153
120.907616,100000,10000,10000,0.350294
119.457106,100000,10000,100000,0.34858
95.151931,100000,100000,0.00001,0.997712
98.039913,100000,100000,0.0001,0.997712
94.043265,100000,100000,0.001,0.997712
95.30298,100000,100000,0.01,0.997712
95.173581,100000,100000,0.1,0.997712
96.036523,100000,100000,0.5,0.997712
96.318599,100000,100000,10,0.997712
106.585079,100000,100000,100,0.995862
122.17548,100000,100000,1000,0.435888
122.357469,100000,100000,10000,0.336767
120.230791,100000,100000,100000,0.329255
